68EDAA33,B,50.844387113217294,-0.9373385565621511,231.38597234757037,10,1508274489
68EDAA33,B,50.84431743206592,-0.9372343335832867,231.3872446402944,10,1508274490
68EDAA33,B,50.84424775091454,-0.9371301106044223,231.38851672088424,10,1508274491
68EDAA33,B,50.84417806976316,-0.9370258876255579,231.38978859797504,10,1508274492
68EDAA33,B,50.84410838861178,-0.9369216646466936,231.3910602686646,10,1508274493
68EDAA33,B,50.844038707460406,-0.9368174416678291,231.3923317358748,10,1508274494
68EDAA33,B,50.843969026309026,-0.9367132186889647,231.39360299099098,10,1508274495
68EDAA33,B,50.843899345157645,-0.9366089957101004,231.39487404269232,10,1508274496
68EDAA33,B,50.84382966400627,-0.9365047727312359,231.39614489097744,10,1508274497
68EDAA33,B,50.84375998285489,-0.9364005497523715,231.39741552720977,10,1508274498
68EDAA33,B,50.84369030170351,-0.9362963267735072,231.39868596006806,10,1508274499
68EDAA33,B,50.84362062055213,-0.9361921037946428,231.39995618676176,10,1508274500
68EDAA33,B,50.84355093940076,-0.9360878808157783,231.4012262100789,10,1508274501
68EDAA33,B,50.843481258249376,-0.935983657836914,231.40249602142768,10,1508274502
68EDAA33,B,50.843410801860415,-0.9361038208007811,124.99181325668883,10,1508274503
68EDAA33,B,50.84334034547146,-0.9362239837646483,124.99057651586065,10,1508274504
68EDAA33,B,50.8432698890825,-0.9363441467285155,124.98933999026588,10,1508274505
68EDAA33,B,50.843199432693545,-0.9364643096923827,124.98810366921248,10,1508274506
68EDAA33,B,50.843128976304584,-0.9365844726562499,124.98686756340695,10,1508274507
68EDAA33,B,50.843047679880954,-0.9364879131317138,224.8596662445458,10,1508274508
68EDAA33,B,50.84296638345733,-0.9363913536071776,224.86118381677898,10,1508274509
68EDAA33,B,50.84288508703371,-0.9362947940826415,224.86270111731704,10,1508274510
68EDAA33,B,50.84280379061008,-0.9361982345581054,224.864218145969,10,1508274511
68EDAA33,B,50.84273152670271,-0.9363412857055663,121.08167666171073,10,1508274512
68EDAA33,B,50.84265926279534,-0.9364843368530273,121.08048467507041,10,1508274513
68EDAA33,B,50.84258699888797,-0.9366273880004883,121.0792929029538,10,1508274514
68EDAA33,B,50.84249892671376,-0.9365522861480713,215.5525950423479,10,1508274515
68EDAA33,B,50.84241085453955,-0.9364771842956543,215.5541486857664,10,1508274516
68EDAA33,B,50.84232278236535,-0.9364020824432372,215.55570206088635,10,1508274517
68EDAA33,B,50.84223471019114,-0.9363269805908202,215.55725516114342,10,1508274518
68EDAA33,B,50.842180511379226,-0.9364518252286043,117.37763058454394,10,1508274519
68EDAA33,B,50.842126312567316,-0.9365766698663884,117.3768058869851,10,1508274520
68EDAA33,B,50.8420721137554,-0.9367015145041725,117.37598131007775,10,1508274521
68EDAA33,B,50.84201791494348,-0.9368263591419567,117.37515684471572,10,1508274522
68EDAA33,B,50.841963716131566,-0.9369512037797407,117.37433249396526,10,1508274523
68EDAA33,B,50.84190951731966,-0.9370760484175249,117.3735082545677,10,1508274524
68EDAA33,B,50.84185531850774,-0.937200893055309,117.3726841359628,10,1508274525
68EDAA33,B,50.84180111969582,-0.9373257376930931,117.37186012878152,10,1508274526
68EDAA33,B,50.84174692088391,-0.9374505823308772,117.37103623611381,10,1508274527
68EDAA33,B,50.841692722072,-0.9375754269686614,117.3702124548451,10,1508274528
68EDAA33,B,50.84163852326008,-0.9377002716064454,117.36938879427055,10,1508274529
68EDAA33,B,50.841545608474824,-0.9377043587820871,177.88735673805564,10,1508274530
68EDAA33,B,50.841452693689575,-0.9377084459577288,177.8872293574142,10,1508274531
68EDAA33,B,50.84135977890432,-0.9377125331333707,177.88710199528498,10,1508274532
68EDAA33,B,50.84126686411906,-0.9377166203090124,177.88697465135314,10,1508274533
68EDAA33,B,50.84117394933381,-0.9377207074846541,177.88684732561163,10,1508274534
68EDAA33,B,50.84108103454856,-0.9377247946602958,177.88672001795615,10,1508274535
68EDAA33,B,50.8409881197633,-0.9377288818359375,177.8865927288735,10,1508274536
68EDAA33,B,50.84089520497805,-0.9377329690115793,177.88646545781793,10,1508274537
68EDAA33,B,50.8408022901928,-0.937737056187221,177.88633820496892,10,1508274538
68EDAA33,B,50.84070937540754,-0.9377411433628627,177.88621097063617,10,1508274539
68EDAA33,B,50.840616460622286,-0.9377452305385044,177.88608375439867,10,1508274540
68EDAA33,B,50.84052354583703,-0.9377493177141462,177.88595655640887,10,1508274541
68EDAA33,B,50.84043063105178,-0.9377534048897879,177.88582937651907,10,1508274542
68EDAA33,B,50.840337716266525,-0.9377574920654297,177.88570221514613,10,1508274543
68EDAA33,B,50.84024480148127,-0.9377615792410714,177.8855750719863,10,1508274544
68EDAA33,B,50.84015188669602,-0.9377656664167131,177.8854479468672,10,1508274545
68EDAA33,B,50.840058971910764,-0.9377697535923548,177.8853208403282,10,1508274546
68EDAA33,B,50.83996605712551,-0.9377738407679965,177.88519375188952,10,1508274547
68EDAA33,B,50.83987314234025,-0.9377779279436383,177.88506668165388,10,1508274548
68EDAA33,B,50.839780227555,-0.93778201511928,177.88493962963548,10,1508274549
68EDAA33,B,50.83968731276975,-0.9377861022949218,177.884812596148,10,1508274550
68EDAA33,B,50.83961786636764,-0.9378853440284728,129.80674000477356,10,1508274551
68EDAA33,B,50.839548419965524,-0.9379845857620238,129.80547441155306,10,1508274552
68EDAA33,B,50.839478973563416,-0.9380838274955748,129.80420901557483,10,1508274553
68EDAA33,B,50.83940952716131,-0.9381830692291259,129.80294382551364,10,1508274554
68EDAA33,B,50.8393400807592,-0.9382823109626769,129.80167883833153,10,1508274555
68EDAA33,B,50.83927063435709,-0.9383815526962279,129.80041405414408,10,1508274556
68EDAA33,B,50.83920118795498,-0.9384807944297789,129.79914947579212,10,1508274557
68EDAA33,B,50.83913174155287,-0.93858003616333,129.79788509451703,10,1508274558
68EDAA33,B,50.83906229515076,-0.938679277896881,129.79662091901582,10,1508274559
68EDAA33,B,50.838992848748646,-0.938778519630432,129.79535694924616,10,1508274560
68EDAA33,B,50.83892340234654,-0.938877761363983,129.79409317660742,10,1508274561
68EDAA33,B,50.83885395594443,-0.9389770030975341,129.79282960966117,10,1508274562
68EDAA33,B,50.83878450954232,-0.9390762448310851,129.79156624554994,10,1508274563
68EDAA33,B,50.838715063140214,-0.9391754865646361,129.7903030841866,10,1508274564
68EDAA33,B,50.8386456167381,-0.9392747282981871,129.78904012847931,10,1508274565
68EDAA33,B,50.83857617033599,-0.9393739700317382,129.7877773698053,10,1508274566
68EDAA33,B,50.83848325010042,-0.9394015584673199,165.99165338928867,10,1508274567
68EDAA33,B,50.83839032986484,-0.9394291469029017,165.99084667907903,10,1508274568
68EDAA33,B,50.83829740962926,-0.9394567353384834,165.99004009189997,10,1508274569
68EDAA33,B,50.83820448939369,-0.9394843237740652,165.98923362438006,10,1508274570
68EDAA33,B,50.838111569158116,-0.9395119122096469,165.98842727990032,10,1508274571
68EDAA33,B,50.83801864892254,-0.9395395006452287,165.98762105718765,10,1508274572
68EDAA33,B,50.83792572868697,-0.9395670890808104,165.98681495645536,10,1508274573
68EDAA33,B,50.83783280845139,-0.9395946775163921,165.98600897857517,10,1508274574
68EDAA33,B,50.837739888215815,-0.939622265951974,165.98520312048785,10,1508274575
68EDAA33,B,50.83764696798024,-0.9396498543875557,165.98439738542461,10,1508274576
68EDAA33,B,50.83755404774467,-0.9396774428231375,165.98359177215227,10,1508274577
68EDAA33,B,50.83746112750909,-0.9397050312587192,165.98278628193793,10,1508274578
68EDAA33,B,50.837368207273514,-0.939732619694301,165.9819809114487,10,1508274579
68EDAA33,B,50.83727528703794,-0.9397602081298827,165.98117566401902,10,1508274580
68EDAA33,B,50.83719759334356,-0.9398460388183593,137.10573258195316,10,1508274581
68EDAA33,B,50.83711989964918,-0.9399318695068358,137.10430457744897,10,1508274582
68EDAA33,B,50.837042205954795,-0.9400177001953124,137.10287681410722,10,1508274583
68EDAA33,B,50.836964512260415,-0.940103530883789,137.10144928417319,10,1508274584
68EDAA33,B,50.836886818566036,-0.9401893615722655,137.1000219954675,10,1508274585
68EDAA33,B,50.83680912487166,-0.9402751922607421,137.09859494525688,10,1508274586
68EDAA33,B,50.83673143117728,-0.9403610229492186,137.0971681336049,10,1508274587
68EDAA33,B,50.83665373748289,-0.9404468536376953,137.0957415630081,10,1508274588
68EDAA33,B,50.83657604378851,-0.9405326843261719,137.0943152258224,10,1508274589
68EDAA33,B,50.83649835009413,-0.9406185150146484,137.0928891295741,10,1508274590
68EDAA33,B,50.83642065639975,-0.940704345703125,137.09146327193434,10,1508274591
68EDAA33,B,50.83634296270537,-0.9407901763916016,137.09003765266036,10,1508274592
68EDAA33,B,50.83626526901099,-0.9408760070800781,137.08861227438783,10,1508274593
68EDAA33,B,50.83618757531661,-0.9409618377685547,137.0871871293209,10,1508274594
68EDAA33,B,50.83610988162223,-0.9410476684570312,137.08576222530095,10,1508274595
68EDAA33,B,50.83601926341582,-0.9410527926772388,177.27529854941523,10,1508274596
68EDAA33,B,50.83592864520942,-0.9410579168974463,177.27514035220787,10,1508274597
68EDAA33,B,50.835838027003014,-0.9410630411176539,177.2749821776827,10,1508274598
68EDAA33,B,50.83574740879661,-0.9410681653378615,177.27482402539462,10,1508274599
68EDAA33,B,50.83565679059021,-0.941073289558069,177.27466589533645,10,1508274600
68EDAA33,B,50.8355661723838,-0.9410784137782766,177.27450778797444,10,1508274601
68EDAA33,B,50.8354755541774,-0.9410835379984841,177.27434970269385,10,1508274602
68EDAA33,B,50.83538493597099,-0.9410886622186917,177.274191640107,10,1508274603
68EDAA33,B,50.835294317764586,-0.9410937864388993,177.2740335997619,10,1508274604
68EDAA33,B,50.835203699558186,-0.9410989106591068,177.27387558165316,10,1508274605
68EDAA33,B,50.83511308135178,-0.9411040348793144,177.27371758624537,10,1508274606
68EDAA33,B,50.83502246314537,-0.941109159099522,177.27355961308143,10,1508274607
68EDAA33,B,50.83493184493897,-0.9411142833197295,177.2734016621577,10,1508274608
68EDAA33,B,50.834841226732564,-0.9411194075399371,177.27324373394046,10,1508274609
68EDAA33,B,50.83475060852616,-0.9411245317601445,177.27308582802664,10,1508274610
68EDAA33,B,50.83465999031976,-0.9411296559803521,177.27292794418142,10,1508274611
68EDAA33,B,50.83456937211335,-0.9411347802005597,177.272770083222,10,1508274612
68EDAA33,B,50.83447875390694,-0.9411399044207672,177.27261224451578,10,1508274613
68EDAA33,B,50.83438813570054,-0.9411450286409748,177.27245442787535,10,1508274614
68EDAA33,B,50.834297517494136,-0.9411501528611824,177.27229663413289,10,1508274615
68EDAA33,B,50.834206899287736,-0.9411552770813899,177.2721388624239,10,1508274616
68EDAA33,B,50.83411628108133,-0.9411604013015975,177.27198111343185,10,1508274617
68EDAA33,B,50.83402566287492,-0.941165525521805,177.27182338675837,10,1508274618
68EDAA33,B,50.83393504466852,-0.9411706497420126,177.27166568215864,10,1508274619
68EDAA33,B,50.833844426462115,-0.9411757739622202,177.2715080004568,10,1508274620
68EDAA33,B,50.83375380825571,-0.9411808981824277,177.27135034101664,10,1508274621
68EDAA33,B,50.83366319004931,-0.9411860224026353,177.2711927036574,10,1508274622
68EDAA33,B,50.8335725718429,-0.9411911466228429,177.27103508919825,10,1508274623
68EDAA33,B,50.83348195363649,-0.9411962708430504,177.27087749700627,10,1508274624
68EDAA33,B,50.83339133543009,-0.941201395063258,177.27071992689397,10,1508274625
68EDAA33,B,50.833300717223686,-0.9412065192834654,177.2705623797498,10,1508274626
68EDAA33,B,50.83321009901728,-0.941211643503673,177.2704048546978,10,1508274627
68EDAA33,B,50.83311948081088,-0.9412167677238806,177.270247351908,10,1508274628
68EDAA33,B,50.83302886260447,-0.9412218919440881,177.27008987202788,10,1508274629
68EDAA33,B,50.83293824439807,-0.9412270161642957,177.26993241402835,10,1508274630
68EDAA33,B,50.832847626191665,-0.9412321403845033,177.2697749789427,10,1508274631
68EDAA33,B,50.83275700798526,-0.9412372646047108,177.26961756612943,10,1508274632
68EDAA33,B,50.83266638977886,-0.9412423888249184,177.26946017540917,10,1508274633
68EDAA33,B,50.83257577157245,-0.9412475130451259,177.2693028076625,10,1508274634
68EDAA33,B,50.832485153366044,-0.9412526372653335,177.26914546202312,10,1508274635
68EDAA33,B,50.832394535159644,-0.9412577614855411,177.2689881386544,10,1508274636
68EDAA33,B,50.83230391695324,-0.9412628857057486,177.26883083820917,10,1508274637
68EDAA33,B,50.83221329874683,-0.9412680099259562,177.26867355986155,10,1508274638
68EDAA33,B,50.83212268054043,-0.9412731341461638,177.2685163038002,10,1508274639
68EDAA33,B,50.83203206233402,-0.9412782583663712,177.26835907066447,10,1508274640
68EDAA33,B,50.831941444127615,-0.9412833825865788,177.2682018596286,10,1508274641
68EDAA33,B,50.831850825921215,-0.9412885068067863,177.2680446709401,10,1508274642
68EDAA33,B,50.83176020771481,-0.9412936310269939,177.26788750500725,10,1508274643
68EDAA33,B,50.83166958950841,-0.9412987552472015,177.26773036113966,10,1508274644
68EDAA33,B,50.831578971302,-0.941303879467409,177.26757324020258,10,1508274645
68EDAA33,B,50.831488353095594,-0.9413090036876166,177.26741614138496,10,1508274646
68EDAA33,B,50.831397734889194,-0.9413141279078242,177.26725906485368,10,1508274647
68EDAA33,B,50.83130711668279,-0.9413192521280317,177.2671020112601,10,1508274648
68EDAA33,B,50.83121649847638,-0.9413243763482393,177.2669449797814,10,1508274649
68EDAA33,B,50.83112588026998,-0.9413295005684468,177.2667879706586,10,1508274650
68EDAA33,B,50.83103526206357,-0.9413346247886544,177.26663098429682,10,1508274651
68EDAA33,B,50.830944643857165,-0.941339749008862,177.2664740202293,10,1508274652
68EDAA33,B,50.830854025650765,-0.9413448732290695,177.26631707846238,10,1508274653
68EDAA33,B,50.83076340744436,-0.941349997449277,177.26616015946033,10,1508274654
68EDAA33,B,50.83067278923795,-0.9413551216694847,177.26600326276136,10,1508274655
68EDAA33,B,50.83058217103155,-0.9413602458896921,177.26584638836175,10,1508274656
68EDAA33,B,50.830491552825144,-0.9413653701098997,177.2656895367309,10,1508274657
68EDAA33,B,50.830400934618744,-0.9413704943301072,177.26553270725532,10,1508274658
68EDAA33,B,50.83031031641234,-0.9413756185503148,177.2653759005461,10,1508274659
68EDAA33,B,50.83021969820593,-0.9413807427705224,177.2652191161513,10,1508274660
68EDAA33,B,50.83012907999953,-0.9413858669907299,177.26506235405546,10,1508274661
68EDAA33,B,50.83003846179312,-0.9413909912109375,177.2649056147415,10,1508274662
68EDAA33,B,50.829978225186196,-0.9415149688720703,119.90119422118582,10,1508274663
68EDAA33,B,50.82991798857927,-0.9416389465332031,119.90024992855061,10,1508274664
68EDAA33,B,50.82985775197234,-0.9417629241943359,119.8993057799047,10,1508274665
68EDAA33,B,50.829797515365414,-0.9418869018554688,119.89836177520897,10,1508274666
68EDAA33,B,50.829737278758486,-0.9420108795166016,119.89741791447017,10,1508274667
68EDAA33,B,50.82967704215156,-0.9421348571777344,119.89647419767215,10,1508274668
68EDAA33,B,50.82961680554463,-0.9422588348388672,119.8955306248443,10,1508274669
68EDAA33,B,50.829556568937704,-0.9423828125,119.89458719583371,10,1508274670
68EDAA33,B,50.82949633233078,-0.9425067901611328,119.89364391080662,10,1508274671
68EDAA33,B,50.82940484601841,-0.9424960613250732,185.66036811161007,10,1508274672
68EDAA33,B,50.82931335970605,-0.9424853324890137,185.6606934610104,10,1508274673
68EDAA33,B,50.829221873393685,-0.9424746036529541,185.66101876298728,10,1508274674
68EDAA33,B,50.82913038708132,-0.9424638748168945,185.66134401752117,10,1508274675
68EDAA33,B,50.82903890076896,-0.942453145980835,185.66166922460934,10,1508274676
68EDAA33,B,50.82894741445659,-0.9424424171447754,185.6619943842528,10,1508274677
68EDAA33,B,50.82885592814423,-0.9424316883087158,185.66231949644873,10,1508274678
68EDAA33,B,50.828764441831865,-0.9424209594726562,185.66264456119484,10,1508274679
68EDAA33,B,50.828672955519494,-0.9424102306365968,185.6629695780033,10,1508274680
68EDAA33,B,50.82858146920713,-0.9423995018005372,185.66329454833,10,1508274681
68EDAA33,B,50.828489982894766,-0.9423887729644777,185.6636194707072,10,1508274682
68EDAA33,B,50.8283984965824,-0.9423780441284181,185.66394434563426,10,1508274683
68EDAA33,B,50.82830701027004,-0.9423673152923585,185.66426917309172,10,1508274684
68EDAA33,B,50.828215523957674,-0.9423565864562989,185.66459395308027,10,1508274685
68EDAA33,B,50.82812403764531,-0.9423458576202394,185.66491868560752,10,1508274686
68EDAA33,B,50.828032551332946,-0.9423351287841798,185.66524337066085,10,1508274687
68EDAA33,B,50.828018997580884,-0.9424996376037599,95.56044158076611,10,1508274688
68EDAA33,B,50.82800544382883,-0.94266414642334,95.56039439209621,10,1508274689
68EDAA33,B,50.82799189007677,-0.9428286552429199,95.56034721113053,10,1508274690
68EDAA33,B,50.827978336324705,-0.9429931640625,95.56030002898262,10,1508274691
68EDAA33,B,50.82796478257265,-0.9431576728820801,95.56025284577697,10,1508274692
68EDAA33,B,50.82795122882059,-0.9433221817016602,95.56020567022625,10,1508274693
68EDAA33,B,50.82786087013247,-0.9433221817016602,180,10,1508274694
68EDAA33,B,50.82777051144434,-0.9433221817016602,180,10,1508274695
68EDAA33,B,50.82768015275622,-0.9433221817016602,180,10,1508274696
68EDAA33,B,50.82768557429168,-0.9434852600097656,87.74735808243724,10,1508274697
68EDAA33,B,50.82769099582713,-0.9436483383178711,87.74735038306324,10,1508274698
68EDAA33,B,50.82769641736259,-0.9438114166259765,87.74734268354598,10,1508274699
68EDAA33,B,50.827701838898044,-0.9439744949340819,87.7473349839592,10,1508274700
68EDAA33,B,50.8277072604335,-0.9441375732421874,87.74732728422919,10,1508274701
68EDAA33,B,50.82776432788566,-0.9442493790074398,58.89618803045329,10,1508274702
68EDAA33,B,50.827821395337814,-0.9443611847726922,58.895276558102864,10,1508274703
68EDAA33,B,50.827878462789975,-0.9444729905379445,58.89436494881386,10,1508274704
68EDAA33,B,50.82793553024213,-0.9445847963031968,58.8934532152187,10,1508274705
68EDAA33,B,50.82799259769429,-0.9446966020684492,58.89254134473293,10,1508274706
68EDAA33,B,50.828049665146445,-0.9448084078337016,58.89162934998842,10,1508274707
68EDAA33,B,50.828106732598606,-0.944920213598954,58.890717218201814,10,1508274708
68EDAA33,B,50.82816380005077,-0.9450320193642063,58.8898049589252,10,1508274709
68EDAA33,B,50.82822086750292,-0.9451438251294587,58.88889257219466,10,1508274710
68EDAA33,B,50.82827793495508,-0.945255630894711,58.887980048356326,10,1508274711
68EDAA33,B,50.828335002407236,-0.9453674366599634,58.887067400267995,10,1508274712
68EDAA33,B,50.8283920698594,-0.9454792424252157,58.8861546151187,10,1508274713
68EDAA33,B,50.82844913731156,-0.9455910481904681,58.88524170238776,10,1508274714
68EDAA33,B,50.82850620476371,-0.9457028539557205,58.8843286620866,10,1508274715
68EDAA33,B,50.828563272215874,-0.9458146597209729,58.88341548473363,10,1508274716
68EDAA33,B,50.82862033966803,-0.9459264654862252,58.882502182889766,10,1508274717
68EDAA33,B,50.82867740712019,-0.9460382712514775,58.88158874396805,10,1508274718
68EDAA33,B,50.82873447457234,-0.9461500770167299,58.88067518065202,10,1508274719
68EDAA33,B,50.828791542024504,-0.9462618827819823,58.879761480131265,10,1508274720
68EDAA33,B,50.828848609476665,-0.9463736885472347,58.8788476519843,10,1508274721
68EDAA33,B,50.82890567692882,-0.9464854943124871,58.87793369617327,10,1508274722
68EDAA33,B,50.82896274438098,-0.9465973000777395,58.877019603190774,10,1508274723
68EDAA33,B,50.829019811833135,-0.9467091058429917,58.87610538567327,10,1508274724
68EDAA33,B,50.829076879285296,-0.9468209116082441,58.87519103093342,10,1508274725
68EDAA33,B,50.82913394673745,-0.9469327173734965,58.87427655175509,10,1508274726
68EDAA33,B,50.82919101418961,-0.9470445231387489,58.87336193520298,10,1508274727
68EDAA33,B,50.82924808164177,-0.9471563289040013,58.87244719093064,10,1508274728
68EDAA33,B,50.829305149093926,-0.9472681346692536,58.871532318999016,10,1508274729
68EDAA33,B,50.82936221654609,-0.9473799404345059,58.8706173096769,10,1508274730
68EDAA33,B,50.82941928399824,-0.9474917461997583,58.86970217582626,10,1508274731
68EDAA33,B,50.8294763514504,-0.9476035519650107,58.868786904705985,10,1508274732
68EDAA33,B,50.829533418902564,-0.947715357730263,58.86787150569967,10,1508274733
68EDAA33,B,50.82959048635472,-0.9478271634955154,58.86695597886819,10,1508274734
68EDAA33,B,50.82964755380688,-0.9479389692607678,58.86604031470199,10,1508274735
68EDAA33,B,50.82970462125903,-0.9480507750260201,58.86512452591421,10,1508274736
68EDAA33,B,50.829761688711194,-0.9481625807912725,58.86420859971628,10,1508274737
68EDAA33,B,50.82981875616335,-0.9482743865565249,58.86329254874653,10,1508274738
68EDAA33,B,50.82987582361551,-0.9483861923217772,58.86237636048634,10,1508274739
68EDAA33,B,50.829928051841954,-0.9485034244816477,62.195750565000026,10,1508274740
68EDAA33,B,50.829980280068405,-0.9486206566415181,62.194968687657536,10,1508274741
68EDAA33,B,50.83003250829485,-0.9487378888013885,62.19418671178926,10,1508274742
68EDAA33,B,50.83008473652129,-0.9488551209612589,62.19340462779758,10,1508274743
68EDAA33,B,50.830136964747744,-0.9489723531211294,62.19262243561019,10,1508274744
68EDAA33,B,50.83018919297419,-0.9490895852809998,62.19184014487337,10,1508274745
68EDAA33,B,50.83024142120064,-0.9492068174408702,62.19105774271134,10,1508274746
68EDAA33,B,50.830293649427084,-0.9493240496007407,62.19027524202073,10,1508274747
68EDAA33,B,50.83034587765353,-0.949441281760611,62.189492633102475,10,1508274748
68EDAA33,B,50.83039810587998,-0.9495585139204815,62.188709915959635,10,1508274749
68EDAA33,B,50.83045033410642,-0.949675746080352,62.187927100289755,10,1508274750
68EDAA33,B,50.83050256233287,-0.9497929782402224,62.18714417625648,10,1508274751
68EDAA33,B,50.83055479055932,-0.9499102104000928,62.18636114401653,10,1508274752
68EDAA33,B,50.83060701878576,-0.9500274425599633,62.18557801319247,10,1508274753
68EDAA33,B,50.83065924701221,-0.9501446747198337,62.18479477399774,10,1508274754
68EDAA33,B,50.83071147523866,-0.9502619068797041,62.1840114265388,10,1508274755
68EDAA33,B,50.8307637034651,-0.9503791390395745,62.1832279804666,10,1508274756
68EDAA33,B,50.83081593169155,-0.950496371199445,62.1824444228414,10,1508274757
68EDAA33,B,50.830868159918,-0.9506136033593154,62.18166076657894,10,1508274758
68EDAA33,B,50.83092038814444,-0.9507308355191858,62.1808770018917,10,1508274759
68EDAA33,B,50.83097261637089,-0.9508480676790563,62.18009312893645,10,1508274760
68EDAA33,B,50.83102484459734,-0.9509652998389266,62.17930915721416,10,1508274761
68EDAA33,B,50.83107707282378,-0.9510825319987971,62.17852507715219,10,1508274762
68EDAA33,B,50.83112930105023,-0.9511997641586676,62.177740888697315,10,1508274763
68EDAA33,B,50.83118152927668,-0.9513169963185379,62.17695660149104,10,1508274764
68EDAA33,B,50.83123375750313,-0.9514342284784084,62.176172202720124,10,1508274765
68EDAA33,B,50.83128598572957,-0.9515514606382788,62.17538770510379,10,1508274766
68EDAA33,B,50.831338213956016,-0.9516686927981493,62.174603099194144,10,1508274767
68EDAA33,B,50.83139044218247,-0.9517859249580197,62.17381838478718,10,1508274768
68EDAA33,B,50.83144267040891,-0.9519031571178901,62.17303357150013,10,1508274769
68EDAA33,B,50.831494898635356,-0.9520203892777606,62.1722486499375,10,1508274770
68EDAA33,B,50.83154712686181,-0.952137621437631,62.17146361974454,10,1508274771
68EDAA33,B,50.83159935508825,-0.9522548535975014,62.170678490790294,10,1508274772
68EDAA33,B,50.831651583314695,-0.9523720857573719,62.169893253301666,10,1508274773
68EDAA33,B,50.831703811541146,-0.9524893179172422,62.16910790742946,10,1508274774
68EDAA33,B,50.83175603976759,-0.9526065500771127,62.168322462579795,10,1508274775
68EDAA33,B,50.83180826799404,-0.9527237822369832,62.167536906053726,10,1508274776
68EDAA33,B,50.831860496220486,-0.9528410143968535,62.166751250637674,10,1508274777
68EDAA33,B,50.83191272444693,-0.952958246556724,62.16596548668332,10,1508274778
68EDAA33,B,50.83196495267338,-0.9530754787165944,62.165179614190436,10,1508274779
68EDAA33,B,50.832017180899825,-0.9531927108764648,62.16439364276738,10,1508274780
68EDAA33,B,50.83206364657603,-0.9533183915274483,66.33620265652803,10,1508274781
68EDAA33,B,50.83211011225224,-0.9534440721784319,66.33557993499227,10,1508274782
68EDAA33,B,50.832156577928444,-0.9535697528294155,66.33495713708464,10,1508274783
68EDAA33,B,50.83220304360465,-0.953695433480399,66.33433426284239,10,1508274784
68EDAA33,B,50.83224950928086,-0.9538211141313825,66.33371131218792,10,1508274785
68EDAA33,B,50.83229597495706,-0.953946794782366,66.33308828519569,10,1508274786
68EDAA33,B,50.83234244063327,-0.9540724754333496,66.3324651818516,10,1508274787
68EDAA33,B,50.83238890630948,-0.9541981560843331,66.3318419987956,10,1508274788
68EDAA33,B,50.83243537198569,-0.9543238367353166,66.33121874586516,10,1508274789
68EDAA33,B,50.832481837661895,-0.9544495173863001,66.33059541329533,10,1508274790
68EDAA33,B,50.8325283033381,-0.9545751980372836,66.32997200432465,10,1508274791
68EDAA33,B,50.83257476901431,-0.9547008786882673,66.32934851891383,10,1508274792
68EDAA33,B,50.832621234690514,-0.9548265593392508,66.32872495704987,10,1508274793
68EDAA33,B,50.83266770036672,-0.9549522399902343,66.32810131878091,10,1508274794
68EDAA33,B,50.83273275140677,-0.9550638198852538,55.34411453941743,10,1508274795
68EDAA33,B,50.83279780244683,-0.9551753997802733,55.343003664484286,10,1508274796
68EDAA33,B,50.83286285348688,-0.9552869796752929,55.34189261384819,10,1508274797
68EDAA33,B,50.83292790452693,-0.9553985595703124,55.34078138751312,10,1508274798
68EDAA33,B,50.832992955566986,-0.9555101394653319,55.339669985391765,10,1508274799
68EDAA33,B,50.83305800660704,-0.9556217193603515,55.338558407533924,10,1508274800
68EDAA33,B,50.83312305764709,-0.955733299255371,55.33744665385211,10,1508274801
68EDAA33,B,50.833188108687146,-0.9558448791503905,55.33633472446485,10,1508274802
68EDAA33,B,50.8332531597272,-0.95595645904541,55.33522261914743,10,1508274803
68EDAA33,B,50.83331821076725,-0.9560680389404296,55.33411033808687,10,1508274804
68EDAA33,B,50.833426628034054,-0.95613956451416,29.080529008502708,10,1508274805
68EDAA33,B,50.833535045300856,-0.9562110900878906,29.078845201107868,10,1508274806
68EDAA33,B,50.83364346256766,-0.9562826156616211,29.077161052559802,10,1508274807
68EDAA33,B,50.83373380971286,-0.956268310546875,352.39870324011076,10,1508274808
68EDAA33,B,50.83382415685806,-0.9562540054321289,352.39913664007213,10,1508274809
68EDAA33,B,50.83391450400326,-0.9562397003173828,352.3995701034077,10,1508274810
68EDAA33,B,50.83397774669273,-0.956110954284668,300.2395767060386,10,1508274811
68EDAA33,B,50.83404098938221,-0.9559822082519532,300.24058405720444,10,1508274812
68EDAA33,B,50.83410423207168,-0.9558534622192384,300.24159156315375,10,1508274813
68EDAA33,B,50.83410423207168,-0.955660343170166,270.0029790667601,10,1508274814
68EDAA33,B,50.83410423207168,-0.9554672241210936,270.0029790667601,10,1508274815
68EDAA33,B,50.83402291999515,-0.955352783203125,229.86497480712012,10,1508274816
68EDAA33,B,50.83394160791861,-0.9552383422851562,229.8664414727976,10,1508274817
68EDAA33,B,50.83386029584208,-0.9551239013671876,229.8679078675774,10,1508274818
68EDAA33,B,50.833778983340565,-0.9550380706787109,221.65850230628092,10,1508274819
68EDAA33,B,50.83369767083906,-0.9549522399902344,221.65997952957753,10,1508274820
68EDAA33,B,50.833616358337544,-0.9548664093017577,221.66145649202605,10,1508274821
68EDAA33,B,50.83355311485845,-0.9547448158264159,238.32539350650143,10,1508274822
68EDAA33,B,50.833489871379356,-0.9546232223510741,238.32642686758294,10,1508274823
68EDAA33,B,50.833426627900266,-0.9545016288757323,238.32746006296782,10,1508274824
68EDAA33,B,50.83336338442117,-0.9543800354003905,238.3284930926074,10,1508274825
68EDAA33,B,50.83330014094207,-0.9542584419250487,238.32952596238567,10,1508274826
68EDAA33,B,50.83323689746298,-0.9541368484497069,238.33055867218593,10,1508274827
68EDAA33,B,50.83317840819865,-0.9540193959286337,239.43410978685586,10,1508274828
68EDAA33,B,50.83311991893431,-0.9539019434075605,239.4350454184434,10,1508274829
68EDAA33,B,50.833061429669975,-0.9537844908864873,239.43598091860997,10,1508274830
68EDAA33,B,50.83300294040564,-0.9536670383654142,239.43691627806032,10,1508274831
68EDAA33,B,50.8329444511413,-0.953549585844341,239.43785149704752,10,1508274832
68EDAA33,B,50.83288596187697,-0.9534321333232678,239.43878658456276,10,1508274833
68EDAA33,B,50.83282747261263,-0.9533146808021946,239.4397215284065,10,1508274834
68EDAA33,B,50.832768983348295,-0.9531972282811214,239.44065634083142,10,1508274835
68EDAA33,B,50.83271049408396,-0.9530797757600482,239.44159101273362,10,1508274836
68EDAA33,B,50.83265200481962,-0.9529623232389751,239.44252554415186,10,1508274837
68EDAA33,B,50.83259351555529,-0.9528448707179019,239.44345994417154,10,1508274838
68EDAA33,B,50.832535026290955,-0.9527274181968287,239.4443942036416,10,1508274839
68EDAA33,B,50.832476537026615,-0.9526099656757555,239.44532832271994,10,1508274840
68EDAA33,B,50.83241804776228,-0.9524925131546823,239.44626231039626,10,1508274841
68EDAA33,B,50.83235955849794,-0.9523750606336091,239.44719615466335,10,1508274842
68EDAA33,B,50.83230106923361,-0.952257608112536,239.44812986753408,10,1508274843
68EDAA33,B,50.832242579969275,-0.9521401555914628,239.44906344002447,10,1508274844
68EDAA33,B,50.832184090704935,-0.9520227030703896,239.44999687212606,10,1508274845
68EDAA33,B,50.8321256014406,-0.9519052505493164,239.45093017299428,10,1508274846
68EDAA33,B,50.83207355891617,-0.9517868041992188,242.49313195835697,10,1508274847
68EDAA33,B,50.83202151639175,-0.9516683578491211,242.4939089118784,10,1508274848
68EDAA33,B,50.83196947386732,-0.9515499114990235,242.49468575488714,10,1508274849
68EDAA33,B,50.83191743134289,-0.9514314651489257,242.49546249709567,10,1508274850
68EDAA33,B,50.83186538881846,-0.9513130187988281,242.49623913532218,10,1508274851
68EDAA33,B,50.831813346294034,-0.9511945724487305,242.49701567264742,10,1508274852
68EDAA33,B,50.8317613037696,-0.9510761260986328,242.4977920996193,10,1508274853
68EDAA33,B,50.83170926124517,-0.9509576797485352,242.49856842572046,10,1508274854
68EDAA33,B,50.83165721872075,-0.9508392333984375,242.4993446511745,10,1508274855
68EDAA33,B,50.83160517619632,-0.9507207870483398,242.50012076611654,10,1508274856
68EDAA33,B,50.83155313367189,-0.9506023406982422,242.50089678033578,10,1508274857
68EDAA33,B,50.83150109114746,-0.9504838943481445,242.50167269066378,10,1508274858
68EDAA33,B,50.831449048623035,-0.9503654479980469,242.50244850012405,10,1508274859
68EDAA33,B,50.831397006098605,-0.9502470016479492,242.5032241994037,10,1508274860
68EDAA33,B,50.831344963574175,-0.9501285552978516,242.50399979783703,10,1508274861
68EDAA33,B,50.831292921049744,-0.950010108947754,242.5047752923968,10,1508274862
68EDAA33,B,50.83124087852532,-0.9498916625976562,242.50555068629745,10,1508274863
68EDAA33,B,50.83118883600089,-0.9497732162475586,242.50632596987253,10,1508274864
68EDAA33,B,50.83113679347646,-0.9496547698974609,242.50710115273176,10,1508274865
68EDAA33,B,50.83108475095204,-0.9495363235473633,242.50787623502276,10,1508274866
68EDAA33,B,50.83103270842761,-0.9494178771972657,242.50865120693652,10,1508274867
68EDAA33,B,50.830980665903176,-0.949299430847168,242.50942607829438,10,1508274868
68EDAA33,B,50.830928623378746,-0.9491809844970703,242.5102008457875,10,1508274869
68EDAA33,B,50.83087658085432,-0.9490625381469726,242.51097551266764,10,1508274870
68EDAA33,B,50.83082453832989,-0.948944091796875,242.51175006922273,10,1508274871
68EDAA33,B,50.830766156004586,-0.9488285504854642,239.1058506491737,10,1508274872
68EDAA33,B,50.83070777367928,-0.9487130091740535,239.1067854199013,10,1508274873
68EDAA33,B,50.83064939135398,-0.9485974678626428,239.10772005682537,10,1508274874
68EDAA33,B,50.83059100902867,-0.948481926551232,239.10865455050242,10,1508274875
68EDAA33,B,50.830532626703366,-0.9483663852398213,239.1095889101644,10,1508274876
68EDAA33,B,50.83047424437806,-0.9482508439284105,239.11052313294613,10,1508274877
68EDAA33,B,50.83041586205276,-0.9481353026169997,239.11145722178952,10,1508274878
68EDAA33,B,50.83035747972745,-0.948019761305589,239.1123911675649,10,1508274879
68EDAA33,B,50.83029909740215,-0.9479042199941783,239.1133249793112,10,1508274880
68EDAA33,B,50.83024071507684,-0.9477886786827675,239.11425865433142,10,1508274881
68EDAA33,B,50.83018233275154,-0.9476731373713567,239.11519219532727,10,1508274882
68EDAA33,B,50.830123950426234,-0.947557596059946,239.11612559331348,10,1508274883
68EDAA33,B,50.83006556810093,-0.9474420547485353,239.1170588575933,10,1508274884
68EDAA33,B,50.83001006403184,-0.9473276138305665,240.1422831583261,10,1508274885
68EDAA33,B,50.82995455996276,-0.9472131729125978,240.14315256759426,10,1508274886
68EDAA33,B,50.82989905589367,-0.947098731994629,240.14402184840492,10,1508274887
68EDAA33,B,50.82984355182458,-0.9469842910766603,240.144891010148,10,1508274888
68EDAA33,B,50.8297880477555,-0.9468698501586915,240.14576005290996,10,1508274889
68EDAA33,B,50.82973254368641,-0.9467554092407228,240.14662896717846,10,1508274890
68EDAA33,B,50.82967703961732,-0.946640968322754,240.1474977624914,10,1508274891
68EDAA33,B,50.82962153554824,-0.9465265274047853,240.14836643883632,10,1508274892
68EDAA33,B,50.82956603147915,-0.9464120864868165,240.14923498670123,10,1508274893
68EDAA33,B,50.829510527410065,-0.9462976455688478,240.15010341569786,10,1508274894
68EDAA33,B,50.829455023340984,-0.9461832046508789,240.1509717257387,10,1508274895
68EDAA33,B,50.829399519271895,-0.9460687637329102,240.1518399073393,10,1508274896
68EDAA33,B,50.82934401520281,-0.9459543228149414,240.15270797008384,10,1508274897
68EDAA33,B,50.829288511133726,-0.9458398818969727,240.1535759139358,10,1508274898
68EDAA33,B,50.82923300706464,-0.9457254409790039,240.15444372948332,10,1508274899
68EDAA33,B,50.82917750299555,-0.9456110000610352,240.15531142601526,10,1508274900
68EDAA33,B,50.82912199892647,-0.9454965591430664,240.15617900384075,10,1508274901
68EDAA33,B,50.82906649485738,-0.9453821182250977,240.1570464532516,10,1508274902
68EDAA33,B,50.82901099078829,-0.9452676773071289,240.15791378385768,10,1508274903
68EDAA33,B,50.82895548671921,-0.9451532363891602,240.15878099572092,10,1508274904
68EDAA33,B,50.82889998265012,-0.9450387954711914,240.15964807920756,10,1508274905
68EDAA33,B,50.82885932193699,-0.9449008532932827,250.78089747307968,10,1508274906
68EDAA33,B,50.828818661223856,-0.9447629111153739,250.78135479347486,10,1508274907
68EDAA33,B,50.828778000510724,-0.9446249689374652,250.78181206345846,10,1508274908
68EDAA33,B,50.82873733979759,-0.9444870267595563,250.78226928312245,10,1508274909
68EDAA33,B,50.82869667908446,-0.9443490845816476,250.7827264522582,10,1508274910
68EDAA33,B,50.828656018371326,-0.9442111424037388,250.78318357113233,10,1508274911
68EDAA33,B,50.828615357658194,-0.9440732002258301,250.78364063963784,10,1508274912
68EDAA33,B,50.82857469694507,-0.9439352580479213,250.78409766074554,10,1508274913
68EDAA33,B,50.828534036231936,-0.9437973158700126,250.7845546253671,10,1508274914
68EDAA33,B,50.8284933755188,-0.9436593736921038,250.78501154272186,10,1508274915
68EDAA33,B,50.82845271480567,-0.943521431514195,250.78546840969238,10,1508274916
68EDAA33,B,50.82841205409254,-0.9433834893362862,250.78592522626468,10,1508274917
68EDAA33,B,50.828371393379406,-0.9432455471583775,250.78638199253498,10,1508274918
68EDAA33,B,50.828330732666274,-0.9431076049804688,250.78683870842076,10,1508274919
68EDAA33,B,50.82823880145507,-0.9431094708650009,179.0165253706128,10,1508274920
68EDAA33,B,50.82814687024387,-0.943111336749533,179.01646835443796,10,1508274921
68EDAA33,B,50.82805493903266,-0.9431132026340651,179.01641134665223,10,1508274922
68EDAA33,B,50.82796300782146,-0.9431150685185972,179.01635434702743,10,1508274923
68EDAA33,B,50.82787107661026,-0.9431169344031293,179.0162973557909,10,1508274924
68EDAA33,B,50.827779145399056,-0.9431188002876613,179.0162403729274,10,1508274925
68EDAA33,B,50.82768721418785,-0.9431206661721934,179.01618339833786,10,1508274926
68EDAA33,B,50.827595282976645,-0.9431225320567255,179.01612643196913,10,1508274927
68EDAA33,B,50.82750335176544,-0.9431243979412576,179.01606947399236,10,1508274928
68EDAA33,B,50.82741142055424,-0.9431262638257897,179.01601252433022,10,1508274929
68EDAA33,B,50.82731948934304,-0.9431281297103218,179.01595558298564,10,1508274930
68EDAA33,B,50.82722755813183,-0.9431299955948539,179.01589865003334,10,1508274931
68EDAA33,B,50.82713562692063,-0.943131861479386,179.0158417252462,10,1508274932
68EDAA33,B,50.82704369570943,-0.9431337273639181,179.01578480885348,10,1508274933
68EDAA33,B,50.826951764498226,-0.9431355932484502,179.0157279007784,10,1508274934
68EDAA33,B,50.826859833287024,-0.9431374591329823,179.01567100102153,10,1508274935
68EDAA33,B,50.826767902075815,-0.9431393250175144,179.01561410966104,10,1508274936
68EDAA33,B,50.82667597086461,-0.9431411909020464,179.0155572265267,10,1508274937
68EDAA33,B,50.82658403965341,-0.9431430567865785,179.01550035167088,10,1508274938
68EDAA33,B,50.82649210844221,-0.9431449226711106,179.0154434851937,10,1508274939
68EDAA33,B,50.826400177231,-0.9431467885556427,179.0153866271149,10,1508274940
68EDAA33,B,50.8263082460198,-0.9431486544401748,179.01532977720555,10,1508274941
68EDAA33,B,50.8262163148086,-0.9431505203247069,179.01527293569197,10,1508274942
68EDAA33,B,50.82614238179608,-0.9432480551979757,131.82909862218455,10,1508274943
68EDAA33,B,50.82606844878356,-0.9433455900712446,131.82777709077675,10,1508274944
68EDAA33,B,50.82599451577104,-0.9434431249445134,131.82645577776853,10,1508274945
68EDAA33,B,50.82592058275853,-0.9435406598177822,131.8251346911443,10,1508274946
68EDAA33,B,50.825846649746005,-0.943638194691051,131.8238138310439,10,1508274947
68EDAA33,B,50.82577271673349,-0.94373572956432,131.8224931891411,10,1508274948
68EDAA33,B,50.825698783720966,-0.9438332644375887,131.82117277645776,10,1508274949
68EDAA33,B,50.82562485070845,-0.9439307993108575,131.81985258186657,10,1508274950
68EDAA33,B,50.825550917695935,-0.9440283341841263,131.81853261369514,10,1508274951
68EDAA33,B,50.82547698468341,-0.9441258690573953,131.81721287178337,10,1508274952
68EDAA33,B,50.8254030516709,-0.9442234039306641,131.81589334814862,10,1508274953
68EDAA33,B,50.82532172337376,-0.9441614151000977,212.85655647968588,10,1508274954
68EDAA33,B,50.825240395076634,-0.9440994262695312,212.85788732060064,10,1508274955
68EDAA33,B,50.8251590667795,-0.9440374374389648,212.85921794432397,10,1508274956
68EDAA33,B,50.82507773848237,-0.9439754486083984,212.86054835993525,10,1508274957
68EDAA33,B,50.824996410185236,-0.943913459777832,212.86187855831565,10,1508274958
68EDAA33,B,50.8249150818881,-0.9438514709472656,212.8632085463703,10,1508274959
68EDAA33,B,50.82483375359097,-0.9437894821166992,212.86453832408847,10,1508274960
68EDAA33,B,50.82475242529384,-0.9437274932861328,212.8658678846325,10,1508274961
68EDAA33,B,50.82467109699671,-0.9436655044555664,212.86719723710053,10,1508274962
68EDAA33,B,50.824589768699575,-0.943603515625,212.86852637242612,10,1508274963
68EDAA33,B,50.82450844040244,-0.9435415267944336,212.86985529744402,10,1508274964
68EDAA33,B,50.82442711210531,-0.9434795379638672,212.87118401212547,10,1508274965
68EDAA33,B,50.82434578380818,-0.9434175491333008,212.87251250965005,10,1508274966
68EDAA33,B,50.82426445551104,-0.9433555603027344,212.87384079694175,10,1508274967
68EDAA33,B,50.824183127213914,-0.943293571472168,212.87516887388296,10,1508274968
68EDAA33,B,50.82410179891678,-0.9432315826416016,212.8764967337239,10,1508274969
68EDAA33,B,50.82402047061965,-0.9431695938110352,212.87782438559987,10,1508274970
68EDAA33,B,50.823939142322516,-0.9431076049804688,212.87915182031827,10,1508274971
68EDAA33,B,50.82385940629041,-0.9431732402128332,145.07953591183247,10,1508274972
68EDAA33,B,50.82377967025831,-0.9432388754451976,145.0781964968464,10,1508274973
68EDAA33,B,50.823699934226205,-0.943304510677562,145.07685730126352,10,1508274974
68EDAA33,B,50.8236201981941,-0.9433701459099265,145.07551831800313,10,1508274975
68EDAA33,B,50.82354046216199,-0.9434357811422909,145.07417954949034,10,1508274976
68EDAA33,B,50.823460726129895,-0.9435014163746553,145.07284099320185,10,1508274977
68EDAA33,B,50.82338099009779,-0.9435670516070198,145.07150265643648,10,1508274978
68EDAA33,B,50.82330125406568,-0.9436326868393842,145.07016453192034,10,1508274979
68EDAA33,B,50.823221518033584,-0.9436983220717486,145.06882661956428,10,1508274980
68EDAA33,B,50.82314178200148,-0.943763957304113,145.06748892684394,10,1508274981
68EDAA33,B,50.82306204596937,-0.9438295925364775,145.06615144619084,10,1508274982
68EDAA33,B,50.822982309937274,-0.9438952277688419,145.06481417778872,10,1508274983
68EDAA33,B,50.82290257390517,-0.9439608630012063,145.06347712893165,10,1508274984
68EDAA33,B,50.82282283787306,-0.9440264982335708,145.0621402921524,10,1508274985
68EDAA33,B,50.822743101840956,-0.9440921334659352,145.06080367001303,10,1508274986
68EDAA33,B,50.82266336580886,-0.9441577686982996,145.05946726018252,10,1508274987
68EDAA33,B,50.82258362977675,-0.9442234039306641,145.0581310695567,10,1508274988
68EDAA33,B,50.82250229706422,-0.9441570802168413,214.6909951786178,10,1508274989
68EDAA33,B,50.82242096435168,-0.9440907565030184,214.692353235827,10,1508274990
68EDAA33,B,50.822339631639146,-0.9440244327891957,214.69371107571754,10,1508274991
68EDAA33,B,50.822258298926606,-0.9439581090753729,214.69506868908172,10,1508274992
68EDAA33,B,50.82217696621407,-0.94389178536155,214.69642608518893,10,1508274993
68EDAA33,B,50.82209563350153,-0.9438254616477273,214.69778325465325,10,1508274994
68EDAA33,B,50.822014300789,-0.9437591379339044,214.69914020696058,10,1508274995
68EDAA33,B,50.82193296807646,-0.9436928142200817,214.70049693256982,10,1508274996
68EDAA33,B,50.82185163536393,-0.9436264905062589,214.7018534410871,10,1508274997
68EDAA33,B,50.82177030265139,-0.943560166792436,214.70320972305922,10,1508274998
68EDAA33,B,50.821688969938855,-0.9434938430786133,214.70456578774997,10,1508274999
68EDAA33,B,50.821702873019106,-0.9436346934391902,83.36822035308847,10,1508275000
68EDAA33,B,50.821716776099365,-0.9437755437997671,83.36816350859647,10,1508275001
68EDAA33,B,50.821730679179616,-0.943916394160344,83.36810666851773,10,1508275002
68EDAA33,B,50.821744582259875,-0.944057244520921,83.36804981962422,10,1508275003
68EDAA33,B,50.821758485340126,-0.9441980948814979,83.36799297509151,10,1508275004
68EDAA33,B,50.821772388420385,-0.9443389452420748,83.3679361215863,10,1508275005
68EDAA33,B,50.821786291500636,-0.9444797956026517,83.36787927262543,10,1508275006
68EDAA33,B,50.821800194580895,-0.9446206459632286,83.36782241468666,10,1508275007
68EDAA33,B,50.82181409766115,-0.9447614963238056,83.36776556122908,10,1508275008
68EDAA33,B,50.821828000741405,-0.9449023466843824,83.367708698804,10,1508275009
68EDAA33,B,50.82184190382166,-0.9450431970449594,83.36765184091769,10,1508275010
68EDAA33,B,50.821855806901915,-0.9451840474055363,83.36759497401113,10,1508275011
68EDAA33,B,50.82186970998217,-0.9453248977661133,83.36753811161708,10,1508275012
68EDAA33,B,50.82188361306242,-0.9454657481266902,83.36748124356092,10,1508275013
68EDAA33,B,50.82189751614268,-0.9456065984872671,83.36742436994194,10,1508275014
68EDAA33,B,50.82191141922293,-0.945747448847844,83.36736750081468,10,1508275015
68EDAA33,B,50.82192532230319,-0.9458882992084209,83.36731062273446,10,1508275016
68EDAA33,B,50.82193922538344,-0.9460291495689979,83.36725374916148,10,1508275017
68EDAA33,B,50.8219531284637,-0.9461699999295747,83.36719686654112,10,1508275018
68EDAA33,B,50.82196703154395,-0.9463108502901517,83.36713998845926,10,1508275019
68EDAA33,B,50.82198093462421,-0.9464517006507286,83.36708310135595,10,1508275020
68EDAA33,B,50.82199483770446,-0.9465925510113056,83.36702621889617,10,1508275021
68EDAA33,B,50.82200874078472,-0.9467334013718824,83.36696932730968,10,1508275022
68EDAA33,B,50.82202264386497,-0.9468742517324593,83.36691244023024,10,1508275023
68EDAA33,B,50.82203654694523,-0.9470151020930363,83.36685554430181,10,1508275024
68EDAA33,B,50.82205045002548,-0.9471559524536132,83.36679865273362,10,1508275025
68EDAA33,B,50.82206435310573,-0.9472968028141902,83.36674175557516,10,1508275026
68EDAA33,B,50.82207825618599,-0.947437653174767,83.3666848528843,10,1508275027
68EDAA33,B,50.82209215926624,-0.947578503535344,83.36662795460052,10,1508275028
68EDAA33,B,50.8221060623465,-0.9477193538959209,83.36657104739908,10,1508275029
68EDAA33,B,50.82211996542675,-0.9478602042564979,83.36651414473596,10,1508275030
68EDAA33,B,50.82213386850701,-0.9480010546170747,83.36645723299739,10,1508275031
68EDAA33,B,50.82214777158726,-0.9481419049776516,83.36640032571324,10,1508275032
68EDAA33,B,50.82216167466752,-0.9482827553382286,83.36634340960507,10,1508275033
68EDAA33,B,50.82217557774777,-0.9484236056988055,83.36628649790947,10,1508275034
68EDAA33,B,50.82218948082803,-0.9485644560593824,83.36622957721113,10,1508275035
68EDAA33,B,50.82220338390828,-0.9487053064199593,83.36617266108266,10,1508275036
68EDAA33,B,50.82221728698854,-0.9488461567805363,83.36611573589875,10,1508275037
68EDAA33,B,50.82223119006879,-0.9489870071411132,83.3660588152847,10,1508275038
68EDAA33,B,50.822330596197986,-0.9489727020263671,353.0349645513617,10,1508275039
68EDAA33,B,50.822430002327174,-0.9489583969116211,353.03539139698023,10,1508275040
68EDAA33,B,50.82252940845637,-0.948944091796875,353.0358183124076,10,1508275041
68EDAA33,B,50.822624295436455,-0.9489119052886963,343.93838306927466,10,1508275042
68EDAA33,B,50.82271918241655,-0.9488797187805176,343.9392836199656,10,1508275043
68EDAA33,B,50.82281406939664,-0.9488475322723389,343.94018431483994,10,1508275044
68EDAA33,B,50.82290895637673,-0.9488153457641602,343.9410851538753,10,1508275045
68EDAA33,B,50.82298254149304,-0.9487172535487584,311.478183412389,10,1508275046
68EDAA33,B,50.82305612660935,-0.9486191613333566,311.47948798034366,10,1508275047
68EDAA33,B,50.82312971172566,-0.9485210691179548,311.480792769388,10,1508275048
68EDAA33,B,50.82320329684198,-0.9484229769025531,311.4820977824276,10,1508275049
68EDAA33,B,50.82327688195829,-0.9483248846871513,311.48340301102144,10,1508275050
68EDAA33,B,50.823350467074604,-0.9482267924717495,311.48470846363006,10,1508275051
68EDAA33,B,50.823424052190916,-0.9481287002563477,311.4860141374751,10,1508275052
68EDAA33,B,50.82350538124362,-0.9480600357055664,324.3898719205957,10,1508275053
68EDAA33,B,50.823586710296325,-0.9479913711547852,324.3912489626484,10,1508275054
68EDAA33,B,50.82366803934903,-0.9479227066040039,324.39262623148954,10,1508275055
68EDAA33,B,50.82374936840173,-0.9478540420532227,324.3940037247968,10,1508275056
68EDAA33,B,50.82383069745443,-0.9477853775024414,324.3953814496522,10,1508275057
68EDAA33,B,50.82391202650714,-0.9477167129516602,324.3967593989203,10,1508275058
68EDAA33,B,50.82399335555984,-0.9476480484008789,324.3981375751106,10,1508275059
68EDAA33,B,50.82407468461255,-0.9475793838500977,324.3995159780851,10,1508275060
68EDAA33,B,50.82415601366525,-0.9475107192993164,324.40089460792825,10,1508275061
68EDAA33,B,50.82423734271795,-0.9474420547485352,324.40227346229943,10,1508275062
68EDAA33,B,50.824318671770655,-0.9473733901977539,324.4036525482244,10,1508275063
68EDAA33,B,50.82440000082336,-0.9473047256469727,324.40503185875355,10,1508275064
68EDAA33,B,50.824481329876065,-0.9472360610961914,324.40641139617395,10,1508275065
68EDAA33,B,50.82456265892877,-0.9471673965454102,324.40779116040335,10,1508275066
68EDAA33,B,50.824643987981474,-0.9470987319946289,324.4091711516741,10,1508275067
68EDAA33,B,50.82472531703418,-0.9470300674438477,324.4105513698299,10,1508275068
68EDAA33,B,50.82480664608688,-0.9469614028930664,324.41193181254897,10,1508275069
68EDAA33,B,50.82488797513958,-0.9468927383422852,324.41331248696724,10,1508275070
68EDAA33,B,50.82496930419229,-0.9468240737915039,324.41469338598796,10,1508275071
68EDAA33,B,50.82505063324499,-0.9467554092407227,324.4160745119534,10,1508275072
68EDAA33,B,50.82513612949358,-0.9467042409456693,333.10693502417115,10,1508275073
68EDAA33,B,50.82522162574217,-0.9466530726506159,333.1081731142125,10,1508275074
68EDAA33,B,50.825307121990754,-0.9466019043555627,333.1094114005242,10,1508275075
68EDAA33,B,50.82539261823934,-0.9465507360605093,333.1106498827325,10,1508275076
68EDAA33,B,50.82547811448793,-0.946499567765456,333.1118885610496,10,1508275077
68EDAA33,B,50.825563610736516,-0.9464483994704026,333.11312743553236,10,1508275078
68EDAA33,B,50.82564910698511,-0.9463972311753494,333.11436650806314,10,1508275079
68EDAA33,B,50.8257346032337,-0.946346062880296,333.11560577268654,10,1508275080
68EDAA33,B,50.825820099482286,-0.9462948945852426,333.1168452353765,10,1508275081
68EDAA33,B,50.82590559573087,-0.9462437262901893,333.11808489419417,10,1508275082
68EDAA33,B,50.82599109197946,-0.946192557995136,333.11932474913147,10,1508275083
68EDAA33,B,50.82607658822805,-0.9461413897000827,333.1205648001147,10,1508275084
68EDAA33,B,50.826162084476636,-0.9460902214050293,333.1218050471761,10,1508275085
68EDAA33,B,50.82624758072522,-0.9460390531099759,333.12304549038737,10,1508275086
68EDAA33,B,50.82633307697381,-0.9459878848149226,333.12428612970524,10,1508275087
68EDAA33,B,50.8264185732224,-0.9459367165198693,333.12552696510664,10,1508275088
68EDAA33,B,50.826504069470985,-0.945885548224816,333.12676799656293,10,1508275089
68EDAA33,B,50.82658956571957,-0.9458343799297626,333.12800922424134,10,1508275090
68EDAA33,B,50.82667506196816,-0.9457832116347092,333.12925064792853,10,1508275091
68EDAA33,B,50.826760558216755,-0.945732043339656,333.1304922697462,10,1508275092
68EDAA33,B,50.82684605446534,-0.9456808750446026,333.1317340836963,10,1508275093
68EDAA33,B,50.82693155071393,-0.9456297067495493,333.13297609579536,10,1508275094
68EDAA33,B,50.82701704696252,-0.9455785384544959,333.1342183039403,10,1508275095
68EDAA33,B,50.827102543211105,-0.9455273701594427,333.135460708288,10,1508275096
68EDAA33,B,50.82718803945969,-0.9454762018643893,333.1367033086749,10,1508275097
68EDAA33,B,50.82727353570828,-0.9454250335693359,333.1379461051781,10,1508275098
68EDAA33,B,50.827365701275816,-0.9453849792480469,339.8078626828983,10,1508275099
68EDAA33,B,50.82745786684335,-0.9453449249267578,339.80893979827624,10,1508275100
68EDAA33,B,50.82755003241088,-0.9453048706054688,339.8100170848132,10,1508275101
68EDAA33,B,50.82764219797842,-0.9452648162841797,339.8110945467206,10,1508275102
68EDAA33,B,50.82773436354596,-0.9452247619628906,339.8121721797921,10,1508275103
68EDAA33,B,50.827826529113494,-0.9451847076416016,339.8132499853774,10,1508275104
68EDAA33,B,50.82791869468103,-0.9451446533203125,339.81432796350686,10,1508275105
68EDAA33,B,50.82801086024856,-0.9451045989990234,339.8154061127803,10,1508275106
68EDAA33,B,50.8281030258161,-0.9450645446777344,339.81648443739704,10,1508275107
68EDAA33,B,50.828195191383635,-0.9450244903564453,339.8175629331406,10,1508275108
68EDAA33,B,50.82828735695117,-0.9449844360351562,339.8186416014272,10,1508275109
68EDAA33,B,50.82837952251871,-0.9449443817138672,339.8197204422314,10,1508275110
68EDAA33,B,50.82847168808624,-0.9449043273925781,339.8207994540976,10,1508275111
68EDAA33,B,50.828563853653776,-0.9448642730712891,339.82187864139166,10,1508275112
68EDAA33,B,50.82865601922131,-0.94482421875,339.82295799973036,10,1508275113
68EDAA33,B,50.828738765873744,-0.9447541989778218,324.4175802253958,10,1508275114
68EDAA33,B,50.82882151252617,-0.9446841792056435,324.41899717857086,10,1508275115
68EDAA33,B,50.8289042591786,-0.9446141594334653,324.4204143721753,10,1508275116
68EDAA33,B,50.828987005831024,-0.944544139661287,324.42183179696167,10,1508275117
68EDAA33,B,50.829069752483456,-0.9444741198891088,324.42324946218093,10,1508275118
68EDAA33,B,50.82915249913588,-0.9444041001169305,324.4246673585496,10,1508275119
68EDAA33,B,50.82923524578831,-0.9443340803447523,324.42608549540927,10,1508275120
68EDAA33,B,50.829317992440735,-0.9442640605725741,324.42750386344034,10,1508275121
68EDAA33,B,50.82940073909317,-0.9441940408003958,324.4289224720023,10,1508275122
68EDAA33,B,50.82948348574559,-0.9441240210282175,324.4303413116784,10,1508275123
68EDAA33,B,50.82956623239802,-0.9440540012560392,324.431760391993,10,1508275124
68EDAA33,B,50.82964897905045,-0.943983981483861,324.4331797034802,10,1508275125
68EDAA33,B,50.82973172570288,-0.9439139617116827,324.4345992555235,10,1508275126
68EDAA33,B,50.8298144723553,-0.9438439419395045,324.4360190388044,10,1508275127
68EDAA33,B,50.829897219007734,-0.9437739221673263,324.4374390626449,10,1508275128
68EDAA33,B,50.82997996566016,-0.943703902395148,324.43885931776316,10,1508275129
68EDAA33,B,50.83006271231259,-0.9436338826229698,324.440279813481,10,1508275130
68EDAA33,B,50.83014545896501,-0.9435638628507915,324.4417005404442,10,1508275131
68EDAA33,B,50.830228205617445,-0.9434938430786133,324.44312150806496,10,1508275132
68EDAA33,B,50.83031087808006,-0.9434316158294678,327.5525727285297,10,1508275133
68EDAA33,B,50.83039355054268,-0.9433693885803223,327.5539319167525,10,1508275134
68EDAA33,B,50.83047622300529,-0.9433071613311768,327.55529132104675,10,1508275135
68EDAA33,B,50.83055889546791,-0.9432449340820312,327.55665094805573,10,1508275136
68EDAA33,B,50.83064156793053,-0.9431827068328857,327.5580107912026,10,1508275137
68EDAA33,B,50.830724240393145,-0.9431204795837402,327.5593708526717,10,1508275138
68EDAA33,B,50.83080691285576,-0.9430582523345947,327.56073113241774,10,1508275139
68EDAA33,B,50.830889585318374,-0.9429960250854492,327.5620916282882,10,1508275140
68EDAA33,B,50.83097225778099,-0.9429337978363037,327.56345234690843,10,1508275141
68EDAA33,B,50.83105493024361,-0.9428715705871582,327.5648132817196,10,1508275142
68EDAA33,B,50.83113760270623,-0.9428093433380127,327.5661744348534,10,1508275143
68EDAA33,B,50.831220275168846,-0.9427471160888672,327.56753580628225,10,1508275144
68EDAA33,B,50.83130294763146,-0.9426848888397217,327.5688973939408,10,1508275145
68EDAA33,B,50.831385620094075,-0.9426226615905762,327.57025920434916,10,1508275146
68EDAA33,B,50.83146829255669,-0.9425604343414307,327.5716212309318,10,1508275147
68EDAA33,B,50.83155096501931,-0.9424982070922852,327.57298347592484,10,1508275148
68EDAA33,B,50.83163363748193,-0.9424359798431396,327.57434593933533,10,1508275149
68EDAA33,B,50.83171630994454,-0.9423737525939941,327.575708618837,10,1508275150
68EDAA33,B,50.83179898240716,-0.9423115253448486,327.5770715212278,10,1508275151
68EDAA33,B,50.831881654869775,-0.9422492980957031,327.578434639846,10,1508275152
68EDAA33,B,50.83197130956201,-0.9421964792104868,333.56781771007326,10,1508275153
68EDAA33,B,50.83206096425425,-0.9421436603252704,333.56912013625964,10,1508275154
68EDAA33,B,50.83215061894648,-0.9420908414400541,333.5704227718298,10,1508275155
68EDAA33,B,50.83224027363872,-0.9420380225548377,333.5717256240111,10,1508275156
68EDAA33,B,50.83232992833095,-0.9419852036696214,333.57302868557974,10,1508275157
68EDAA33,B,50.83241958302319,-0.941932384784405,333.5743319637767,10,1508275158
68EDAA33,B,50.83250923771542,-0.9418795658991886,333.5756354513503,10,1508275159
68EDAA33,B,50.83259889240766,-0.9418267470139723,333.5769391555552,10,1508275160
68EDAA33,B,50.83268854709989,-0.9417739281287559,333.578243069112,10,1508275161
68EDAA33,B,50.83277820179213,-0.9417211092435396,333.5795471993879,10,1508275162
68EDAA33,B,50.83286785648436,-0.9416682903583232,333.5808515389909,10,1508275163
68EDAA33,B,50.8329575111766,-0.9416154714731069,333.58215609523114,10,1508275164
68EDAA33,B,50.833047165868834,-0.9415626525878905,333.5834608608727,10,1508275165
68EDAA33,B,50.83313389887639,-0.9415068626403807,331.52672864171484,10,1508275166
68EDAA33,B,50.83322063188395,-0.941451072692871,331.5280567528683,10,1508275167
68EDAA33,B,50.8333073648915,-0.9413952827453612,331.52938507805635,10,1508275168
68EDAA33,B,50.83339409789906,-0.9413394927978515,331.5307136171904,10,1508275169
68EDAA33,B,50.833480830906616,-0.9412837028503417,331.53204237036596,10,1508275170
68EDAA33,B,50.83356756391417,-0.9412279129028319,331.5333713375712,10,1508275171
68EDAA33,B,50.83365429692173,-0.9411721229553222,331.5347005188097,10,1508275172
68EDAA33,B,50.833741029929286,-0.9411163330078124,331.5360299140848,10,1508275173
68EDAA33,B,50.83382776293684,-0.9410605430603026,331.53735952338457,10,1508275174
68EDAA33,B,50.8339144959444,-0.941004753112793,331.5386893467603,10,1508275175
68EDAA33,B,50.834001228951955,-0.9409489631652832,331.5400193841182,10,1508275176
68EDAA33,B,50.83408796195951,-0.9408931732177734,331.5413496355436,10,1508275177
68EDAA33,B,50.83417469496707,-0.9408373832702637,331.54268010099224,10,1508275178
68EDAA33,B,50.834261427974624,-0.9407815933227539,331.5440107804982,10,1508275179
68EDAA33,B,50.83434816098218,-0.9407258033752441,331.54534167411106,10,1508275180
68EDAA33,B,50.83443489398974,-0.9406700134277344,331.54667278174213,10,1508275181
68EDAA33,B,50.834521626997294,-0.9406142234802246,331.548004103441,10,1508275182
68EDAA33,B,50.83460836000485,-0.9405584335327148,331.54933563922634,10,1508275183
68EDAA33,B,50.83469509301241,-0.9405026435852051,331.5506673890556,10,1508275184
68EDAA33,B,50.83478182601996,-0.9404468536376953,331.55199935294763,10,1508275185
68EDAA33,B,50.834871605184716,-0.9404066205024719,339.3219425248292,10,1508275186
68EDAA33,B,50.83496138434948,-0.9403663873672485,339.3230304180555,10,1508275187
68EDAA33,B,50.83505116351424,-0.9403261542320251,339.32411847791826,10,1508275188
68EDAA33,B,50.83514094267899,-0.9402859210968018,339.32520670442653,10,1508275189
68EDAA33,B,50.83523072184374,-0.9402456879615784,339.326295100597,10,1508275190
68EDAA33,B,50.8353205010085,-0.940205454826355,339.32738366642695,10,1508275191
68EDAA33,B,50.835410280173264,-0.9401652216911316,339.3284723988478,10,1508275192
68EDAA33,B,50.83550005933802,-0.9401249885559082,339.329561297974,10,1508275193
68EDAA33,B,50.83558983850277,-0.9400847554206848,339.3306503667164,10,1508275194
68EDAA33,B,50.83567961766753,-0.9400445222854614,339.3317396050488,10,1508275195
68EDAA33,B,50.83576939683229,-0.940004289150238,339.33282901007874,10,1508275196
68EDAA33,B,50.835859175997044,-0.9399640560150146,339.3339185817217,10,1508275197
68EDAA33,B,50.8359489551618,-0.9399238228797913,339.33500832298165,10,1508275198
68EDAA33,B,50.83603873432656,-0.9398835897445679,339.33609823387917,10,1508275199
68EDAA33,B,50.83612851349132,-0.9398433566093445,339.3371883113819,10,1508275200
68EDAA33,B,50.83621829265607,-0.9398031234741211,339.33827855553403,10,1508275201
68EDAA33,B,50.836305854244564,-0.9397569069495568,336.0524236838715,10,1508275202
68EDAA33,B,50.83639341583306,-0.9397106904249924,336.05361883660805,10,1508275203
68EDAA33,B,50.83648097742155,-0.9396644739004282,336.0548141745176,10,1508275204
68EDAA33,B,50.836568539010045,-0.9396182573758639,336.0560096975003,10,1508275205
68EDAA33,B,50.83665610059854,-0.9395720408512995,336.05720540551533,10,1508275206
68EDAA33,B,50.83674366218703,-0.9395258243267353,336.0584012987152,10,1508275207
68EDAA33,B,50.83683122377553,-0.939479607802171,336.0595973787245,10,1508275208
68EDAA33,B,50.83691878536403,-0.9394333912776067,336.06079364033985,10,1508275209
68EDAA33,B,50.83700634695252,-0.9393871747530423,336.0619900886961,10,1508275210
68EDAA33,B,50.837093908541014,-0.9393409582284781,336.0631867223025,10,1508275211
68EDAA33,B,50.83718147012951,-0.9392947417039138,336.0643835409244,10,1508275212
68EDAA33,B,50.837269031718,-0.9392485251793494,336.0655805445748,10,1508275213
68EDAA33,B,50.837356593306495,-0.9392023086547852,336.06677773341977,10,1508275214
68EDAA33,B,50.83744529004953,-0.9391554919156161,336.0675109988436,10,1508275215
68EDAA33,B,50.83753398679257,-0.9391086751764471,336.0687241069488,10,1508275216
68EDAA33,B,50.837622683535606,-0.9390618584372781,336.06993740147436,10,1508275217
68EDAA33,B,50.83771138027865,-0.939015041698109,336.0711508893513,10,1508275218
68EDAA33,B,50.83780007702168,-0.93896822495894,336.07236456378837,10,1508275219
68EDAA33,B,50.837888773764725,-0.938921408219771,336.0735784315755,10,1508275220
68EDAA33,B,50.83797747050776,-0.9388745914806019,336.0747924857413,10,1508275221
68EDAA33,B,50.8380661672508,-0.9388277747414329,336.07600673332223,10,1508275222
68EDAA33,B,50.838154863993836,-0.9387809580022638,336.07722116742156,10,1508275223
68EDAA33,B,50.83824356073688,-0.9387341412630948,336.07843579488144,10,1508275224
68EDAA33,B,50.83833225747991,-0.9386873245239258,336.07965060875813,10,1508275225
68EDAA33,B,50.8384103724546,-0.9386014938354492,317.2837439813511,10,1508275226
68EDAA33,B,50.83848848742928,-0.9385156631469727,317.28518320015644,10,1508275227
68EDAA33,B,50.83856660240397,-0.9384298324584961,317.28662266255265,10,1508275228
68EDAA33,B,50.838644717378656,-0.9383440017700195,317.2880623607856,10,1508275229
68EDAA33,B,50.83872283235334,-0.938258171081543,317.2895023026256,10,1508275230
68EDAA33,B,50.838800947328025,-0.9381723403930664,317.29094248553406,10,1508275231
68EDAA33,B,50.83887906230271,-0.9380865097045898,317.2923829095496,10,1508275232
68EDAA33,B,50.83895717727739,-0.9380006790161133,317.293823574589,10,1508275233
68EDAA33,B,50.839035292252085,-0.9379148483276367,317.29526448336964,10,1508275234
68EDAA33,B,50.83911340722677,-0.9378290176391602,317.2967056280564,10,1508275235
68EDAA33,B,50.83919152220145,-0.9377431869506836,317.2981470165411,10,1508275236
68EDAA33,B,50.83926963717614,-0.937657356262207,317.29958864614326,10,1508275237
68EDAA33,B,50.83934775215082,-0.9375715255737305,317.30103051694203,10,1508275238
68EDAA33,B,50.839425867125506,-0.9374856948852539,317.30247262893545,10,1508275239
68EDAA33,B,50.8395039821002,-0.9373998641967773,317.30391498471903,10,1508275240
68EDAA33,B,50.83958209707488,-0.9373140335083008,317.3053575766405,10,1508275241
68EDAA33,B,50.839660212049566,-0.9372282028198242,317.30680041226685,10,1508275242
68EDAA33,B,50.83974405251666,-0.937170535326004,329.99410243156365,10,1508275243
68EDAA33,B,50.83982789298375,-0.9371128678321838,329.9954485108513,10,1508275244
68EDAA33,B,50.83991173345085,-0.9370552003383636,329.99679480319486,10,1508275245
68EDAA33,B,50.83999557391794,-0.9369975328445435,329.9981413022578,10,1508275246
68EDAA33,B,50.84007941438503,-0.9369398653507233,329.99948801436955,10,1508275247
68EDAA33,B,50.84016325485213,-0.9368821978569031,330.00083493945266,10,1508275248
68EDAA33,B,50.84024709531922,-0.9368245303630829,330.0021820713683,10,1508275249
68EDAA33,B,50.84033093578631,-0.9367668628692627,330.0035294163303,10,1508275250
68EDAA33,B,50.840414776253404,-0.9367091953754425,330.00487697219165,10,1508275251
68EDAA33,B,50.840498616720495,-0.9366515278816223,330.00622473912136,10,1508275252
68EDAA33,B,50.840582457187594,-0.9365938603878021,330.0075727189965,10,1508275253
68EDAA33,B,50.840666297654685,-0.9365361928939819,330.0089209057448,10,1508275254
68EDAA33,B,50.84075013812178,-0.9364785254001617,330.01026930553,10,1508275255
68EDAA33,B,50.840833978588876,-0.9364208579063416,330.01161791838973,10,1508275256
68EDAA33,B,50.84091781905597,-0.9363631904125214,330.01296673802216,10,1508275257
68EDAA33,B,50.84100165952306,-0.9363055229187012,330.0143157707876,10,1508275258
68EDAA33,B,50.84108549999015,-0.9362478554248811,330.0156650145709,10,1508275259
68EDAA33,B,50.84116934045724,-0.9361901879310609,330.0170144692827,10,1508275260
68EDAA33,B,50.84125318092434,-0.9361325204372407,330.0183641371565,10,1508275261
68EDAA33,B,50.84133702139143,-0.9360748529434205,330.0197140117779,10,1508275262
68EDAA33,B,50.84142086185852,-0.9360171854496003,330.0210640995722,10,1508275263
68EDAA33,B,50.84150470232562,-0.9359595179557801,330.0224144004455,10,1508275264
68EDAA33,B,50.841588542792714,-0.93590185046196,330.02376490814663,10,1508275265
68EDAA33,B,50.841672383259805,-0.9358441829681398,330.0251156290346,10,1508275266
68EDAA33,B,50.8417562237269,-0.9357865154743196,330.02646656091395,10,1508275267
68EDAA33,B,50.84184006419399,-0.9357288479804994,330.0278177038552,10,1508275268
68EDAA33,B,50.84192390466109,-0.9356711804866792,330.0291690598987,10,1508275269
68EDAA33,B,50.84200774512818,-0.935613512992859,330.0305206228271,10,1508275270
68EDAA33,B,50.84209158559527,-0.9355558454990388,330.0318723989,10,1508275271
68EDAA33,B,50.84217542606237,-0.9354981780052186,330.0332243881056,10,1508275272
68EDAA33,B,50.84225926652946,-0.9354405105113984,330.03457658422707,10,1508275273
